path,condition,folder,year,n_czi_files,acquired_by,cell_type,sex
../data/raw_data/aged/20191219PlaminOldSlide12exp20191209,aged,20191219PlaminOldSlide12exp20191209,2019,16,Microscopist 1,HSC,unknown
../data/raw_data/aged/20191220PlaminSlide12Oldexp20191209,aged,20191220PlaminSlide12Oldexp20191209,2019,3,Microscopist 1,HSC,unknown
../data/raw_data/aged/20191220Stag2OldSlide8exp20191209,aged,20191220Stag2OldSlide8exp20191209,2019,4,Microscopist 1,HSC,unknown
../data/raw_data/aged/20200130PlaminOld slide2exp200122,aged,20200130PlaminOld slide2exp200122,2020,6,Microscopist 1,HSC,unknown
../data/raw_data/aged/20200207PlaminOld slide2exp200122,aged,20200207PlaminOld slide2exp200122,2020,12,Microscopist 1,HSC,unknown
../data/raw_data/aged/20200212cdk8OldSlide620200122exp,aged,20200212cdk8OldSlide620200122exp,2020,21,Microscopist 1,HSC,unknown
../data/raw_data/aged/20201026expAged1,aged,20201026expAged1,2020,14,Microscopist 1,HSC,unknown
../data/raw_data/aged/20201026expAged2Untreated,aged,20201026expAged2Untreated,2020,4,Microscopist 1,HSC,unknown
../data/raw_data/aged/20201026expRhoAAF488Aged2untreated,aged,20201026expRhoAAF488Aged2untreated,2020,5,Microscopist 1,HSC,unknown
../data/raw_data/aged/20201119expAgedTAZaf488repeat,aged,20201119expAgedTAZaf488repeat,2020,10,Microscopist 1,HSC,unknown
../data/raw_data/aged/20201119expRhoAAF488AgedUntreatedRFPcellsSlide7,aged,20201119expRhoAAF488AgedUntreatedRFPcellsSlide7,2020,11,Microscopist 1,HSC,unknown
../data/raw_data/aged/20201218expAg1RhoAAF488_2,aged,20201218expAg1RhoAAF488_2,2020,9,Microscopist 1,HSC,unknown
../data/raw_data/aged/20201218expSlide11A2TazCy3,aged,20201218expSlide11A2TazCy3,2020,10,Microscopist 1,HSC,unknown
../data/raw_data/aged/20201218expSlide8A1TazCy3,aged,20201218expSlide8A1TazCy3,2020,12,Microscopist 1,HSC,unknown
../data/raw_data/aged/20210603AgLaminACIF20210621,aged,20210603AgLaminACIF20210621,2021,5,Microscopist 1,HSC,unknown
../data/raw_data/aged/20210603expAgLaminACAF488,aged,20210603expAgLaminACAF488,2021,6,Microscopist 1,HSC,unknown
../data/raw_data/aged/20230119exp_20230127_AgRhoA647PPL2A,aged,20230119exp_20230127_AgRhoA647PPL2A,2023,12,Microscopist 1,HSC,unknown
../data/raw_data/aged/20230208exp_20230315Ag_KLF4cy3,aged,20230208exp_20230315Ag_KLF4cy3,2023,4,Microscopist 1,HSC,unknown
../data/raw_data/aged/20230208exp_20230321Ag_KLF4cy3,aged,20230208exp_20230321Ag_KLF4cy3,2023,4,Microscopist 1,HSC,unknown
../data/raw_data/aged/20230208exp_20230322Ag_KLF4cy3,aged,20230208exp_20230322Ag_KLF4cy3,2023,3,Microscopist 1,HSC,unknown
../data/raw_data/aged/20230208exp_20230322_agRGPPLA2,aged,20230208exp_20230322_agRGPPLA2,2023,2,Microscopist 1,HSC,unknown
../data/raw_data/aged/20230208exp_20230323_agRGPPLA2,aged,20230208exp_20230323_agRGPPLA2,2023,6,Microscopist 1,HSC,unknown
../data/raw_data/aged/20191128PlaminAged,aged,20191128PlaminAged,2019,6,Microscopist 1,HSC,unknown
../data/raw_data/aged/20220420_20220419exp_AgRhoAGTPCy3H4K16ac,aged,20220420_20220419exp_AgRhoAGTPCy3H4K16ac,2022,7,Microscopist 1,HSC,unknown
../data/raw_data/aged/20220427_20220419exp_AgRhoAGTPCy3,aged,20220427_20220419exp_AgRhoAGTPCy3,2022,6,Microscopist 1,HSC,unknown
../data/raw_data/aged/20220502_20220419exp_AgRhoAGTPCy3H4K16ac,aged,20220502_20220419exp_AgRhoAGTPCy3H4K16ac,2022,10,Microscopist 1,HSC,unknown
../data/raw_data/aged/20230413exp_20230426AgKlf4Cy3H3K9me2AF488,aged,20230413exp_20230426AgKlf4Cy3H3K9me2AF488,2023,8,Microscopist 1,HSC,unknown
../data/raw_data/aged/20230413exp_20230426AgLINE1Cy3,aged,20230413exp_20230426AgLINE1Cy3,2023,7,Microscopist 1,HSC,unknown
../data/raw_data/aged/20230413exp_20230427AgLINE1Cy3,aged,20230413exp_20230427AgLINE1Cy3,2023,14,Microscopist 1,HSC,unknown
../data/raw_data/aged/20230413exp_20230505AgLINE1Cy3,aged,20230413exp_20230505AgLINE1Cy3,2023,6,Microscopist 1,HSC,unknown
../data/raw_data/aged/20201119expAgH3K9me2AF488,aged,20201119expAgH3K9me2AF488,2020,12,Microscopist 1,HSC,unknown
../data/raw_data/aged/20201218expAg1 H3K9me2AF488_2,aged,20201218expAg1 H3K9me2AF488_2,2020,8,Microscopist 1,HSC,unknown
../data/raw_data/aged/202012218expAg2H3K9me2_2,aged,202012218expAg2H3K9me2_2,2020,8,Microscopist 1,HSC,unknown
../data/raw_data/aged/20240118exp_20240124_Ag1H3K9me2488PLA2cy3,aged,20240118exp_20240124_Ag1H3K9me2488PLA2cy3,2024,12,Microscopist 1,HSC,unknown
../data/raw_data/aged/20240118exp_20240126_Ag2ctrlH3K9me2488PLA2cy3,aged,20240118exp_20240126_Ag2ctrlH3K9me2488PLA2cy3,2024,13,Microscopist 1,HSC,unknown
../data/raw_data/aged/20240402exp_20240404Ag1ctrlH3K9me2488PPLA2,aged,20240402exp_20240404Ag1ctrlH3K9me2488PPLA2,2024,10,Microscopist 1,HSC,unknown
../data/raw_data/aged/20240402exp_20240407Ag2ctrlH3K9me2488PPLA2,aged,20240402exp_20240407Ag2ctrlH3K9me2488PPLA2,2024,8,Microscopist 1,HSC,unknown
../data/raw_data/aged/03FABL6Untreated,aged,03FABL6Untreated,2024,52,Microscopist 2,HSC,F
../data/raw_data/aged/20240402exp_20240411_Ag1ctrlG9aCy3,aged,20240402exp_20240411_Ag1ctrlG9aCy3,2024,4,Microscopist 1,HSC,unknown
../data/raw_data/aged/20240402exp_20240417_Ag2ctrlG9aCy3,aged,20240402exp_20240417_Ag2ctrlG9aCy3,2024,11,Microscopist 1,HSC,unknown
../data/raw_data/aged/20240402exp_20240423_Ag1ctrlG9aCy3,aged,20240402exp_20240423_Ag1ctrlG9aCy3,2024,5,Microscopist 1,HSC,unknown
../data/raw_data/aged/20240618exp_20240625_AgctrlRhoAGTP647Klf4488,aged,20240618exp_20240625_AgctrlRhoAGTP647Klf4488,2024,5,Microscopist 1,HSC,unknown
../data/raw_data/aged/20240618exp_20240708_AgctrlGTP647Klf4488,aged,20240618exp_20240708_AgctrlGTP647Klf4488,2024,10,Microscopist 1,HSC,unknown
../data/raw_data/aged/20241016exp_20241023_AgDAPI,aged,20241016exp_20241023_AgDAPI,2024,13,Microscopist 1,HSC,unknown
../data/raw_data/aged/20241030exp_20241105_AgLaminB488,aged,20241030exp_20241105_AgLaminB488,2024,17,Microscopist 1,HSC,unknown
../data/raw_data/aged/20241106_exp20241217Ag1DAPIonly,aged,20241106_exp20241217Ag1DAPIonly,2024,10,Microscopist 3,HSC,unknown
../data/raw_data/aged/20241106_exp20241217Ag2DAPIonly,aged,20241106_exp20241217Ag2DAPIonly,2024,8,Microscopist 3,HSC,unknown
../data/raw_data/aged/20241127evitaliAged1only,aged,20241127evitaliAged1only,2024,28,Microscopist 3,HSC,unknown
../data/raw_data/aged/20241218_Agedforpablo,aged,20241218_Agedforpablo,2024,41,Microscopist 3,HSC,unknown
../data/raw_data/aged/2024A_05122024,aged,2024A_05122024,2024,10,Microscopist 3,HSC,unknown
../data/raw_data/aged/2024A_12122024,aged,2024A_12122024,2024,2,Microscopist 3,HSC,unknown
../data/raw_data/aged/2024A_16122024,aged,2024A_16122024,2024,25,Microscopist 3,HSC,unknown
../data/raw_data/aged_CASIN/01FABl6CASIN,aged_CASIN,01FABl6CASIN,2024,51,Microscopist 2,HSC,F
../data/raw_data/aged_CASIN/02FABl6CASIN,aged_CASIN,02FABl6CASIN,2024,25,Microscopist 2,HSC,F
../data/raw_data/aged_CASIN/03FABL6CASIN,aged_CASIN,03FABL6CASIN,2024,48,Microscopist 2,HSC,F
../data/raw_data/aged_DMSO/01FABl6DMSO,aged_DMSO,01FABl6DMSO,2024,46,Microscopist 2,HSC,F
../data/raw_data/aged_DMSO/02FABl6DMSO,aged_DMSO,02FABl6DMSO,2024,30,Microscopist 2,HSC,F
../data/raw_data/aged_DMSO/03FABL6DMSO,aged_DMSO,03FABL6DMSO,2024,50,Microscopist 2,HSC,F
../data/raw_data/aged_IOX/02FABl6IOX,aged_IOX,02FABl6IOX,2024,48,Microscopist 2,HSC,F
../data/raw_data/aged_UNC/02FABl6UNC,aged_UNC,02FABl6UNC,2024,51,Microscopist 2,HSC,F
../data/raw_data/aged_treated_RhoAi/20201026expAged1+RhoAi100uM,aged_treated_RhoAi,20201026expAged1+RhoAi100uM,2020,11,Microscopist 1,HSC,unknown
../data/raw_data/aged_treated_RhoAi/20201026expAged2TreatedRhoAiSlide8TazCy3,aged_treated_RhoAi,20201026expAged2TreatedRhoAiSlide8TazCy3,2020,10,Microscopist 1,HSC,unknown
../data/raw_data/aged_treated_RhoAi/20201026expRhoAAF488Aged2treatedSlide10,aged_treated_RhoAi,20201026expRhoAAF488Aged2treatedSlide10,2020,14,Microscopist 1,HSC,unknown
../data/raw_data/aged_treated_RhoAi/20201119expAgedTreatedTAZaf488,aged_treated_RhoAi,20201119expAgedTreatedTAZaf488,2020,12,Microscopist 1,HSC,unknown
../data/raw_data/aged_treated_RhoAi/20201119expRhoAAF488AgedTreatedRhoAiRFPcellsSlide11,aged_treated_RhoAi,20201119expRhoAAF488AgedTreatedRhoAiRFPcellsSlide11,2020,11,Microscopist 1,HSC,unknown
../data/raw_data/aged_treated_RhoAi/202011218expSlide12A2+RiTazCy3,aged_treated_RhoAi,202011218expSlide12A2+RiTazCy3,2020,10,Microscopist 1,HSC,unknown
../data/raw_data/aged_treated_RhoAi/20201218expAg1+RiJag2AF488,aged_treated_RhoAi,20201218expAg1+RiJag2AF488,2020,5,Microscopist 1,HSC,unknown
../data/raw_data/aged_treated_RhoAi/20201218expAg1+RiRhoAAF488,aged_treated_RhoAi,20201218expAg1+RiRhoAAF488,2020,4,Microscopist 1,HSC,unknown
../data/raw_data/aged_treated_RhoAi/20201218expAg1+RiRhoAAF488_2,aged_treated_RhoAi,20201218expAg1+RiRhoAAF488_2,2020,7,Microscopist 1,HSC,unknown
../data/raw_data/aged_treated_RhoAi/20201218expAg2+Ri RhoAAF488,aged_treated_RhoAi,20201218expAg2+Ri RhoAAF488,2020,6,Microscopist 1,HSC,unknown
../data/raw_data/aged_treated_RhoAi/20201218expAg2+Ri RhoAAF488_2,aged_treated_RhoAi,20201218expAg2+Ri RhoAAF488_2,2020,6,Microscopist 1,HSC,unknown
../data/raw_data/aged_treated_RhoAi/20201218expSlide9A1+RiTazCy3,aged_treated_RhoAi,20201218expSlide9A1+RiTazCy3,2020,12,Microscopist 1,HSC,unknown
../data/raw_data/aged_treated_RhoAi/20210712expAgRiPhalloidinAF48820210928,aged_treated_RhoAi,20210712expAgRiPhalloidinAF48820210928,2021,10,Microscopist 1,HSC,unknown
../data/raw_data/aged_treated_RhoAi/20211108expAgedRiLTHSCCdk8AF488,aged_treated_RhoAi,20211108expAgedRiLTHSCCdk8AF488,2021,7,Microscopist 1,HSC,unknown
../data/raw_data/aged_treated_RhoAi/20220420_20220419exp_AgRiRhoAGTPCy3H4K16ac,aged_treated_RhoAi,20220420_20220419exp_AgRiRhoAGTPCy3H4K16ac,2022,8,Microscopist 1,HSC,unknown
../data/raw_data/aged_treated_RhoAi/20220502_20220419exp_AgRiRhoAGTPCy3H4K16ac,aged_treated_RhoAi,20220502_20220419exp_AgRiRhoAGTPCy3H4K16ac,2022,4,Microscopist 1,HSC,unknown
../data/raw_data/aged_treated_RhoAi/20220711exp_20220725_AgRiRhoGTPH4K16ac,aged_treated_RhoAi,20220711exp_20220725_AgRiRhoGTPH4K16ac,2022,9,Microscopist 1,HSC,unknown
../data/raw_data/aged_treated_RhoAi/20230119exp_20230127_AgRiRhoA647PPL2A,aged_treated_RhoAi,20230119exp_20230127_AgRiRhoA647PPL2A,2023,12,Microscopist 1,HSC,unknown
../data/raw_data/aged_treated_RhoAi/20230208exp_20230315agRi_KLF4cy3,aged_treated_RhoAi,20230208exp_20230315agRi_KLF4cy3,2023,6,Microscopist 1,HSC,unknown
../data/raw_data/aged_treated_RhoAi/20230208exp_20230321agRi_KLF4cy3,aged_treated_RhoAi,20230208exp_20230321agRi_KLF4cy3,2023,8,Microscopist 1,HSC,unknown
../data/raw_data/aged_treated_RhoAi/20230208exp_20230322agRi_KLF4cy3,aged_treated_RhoAi,20230208exp_20230322agRi_KLF4cy3,2023,3,Microscopist 1,HSC,unknown
../data/raw_data/aged_treated_RhoAi/20230413exp_20230426AgRiKlf4Cy3H3K9me2AF488,aged_treated_RhoAi,20230413exp_20230426AgRiKlf4Cy3H3K9me2AF488,2023,8,Microscopist 1,HSC,unknown
../data/raw_data/aged_treated_RhoAi/20230413exp_20230426AgRiLINE1Cy3,aged_treated_RhoAi,20230413exp_20230426AgRiLINE1Cy3,2023,2,Microscopist 1,HSC,unknown
../data/raw_data/aged_treated_RhoAi/20230413exp_20230427AgRiLINE1Cy3,aged_treated_RhoAi,20230413exp_20230427AgRiLINE1Cy3,2023,12,Microscopist 1,HSC,unknown
../data/raw_data/aged_treated_RhoAi/20230413exp_20230505AgRiLINE1Cy3,aged_treated_RhoAi,20230413exp_20230505AgRiLINE1Cy3,2023,4,Microscopist 1,HSC,unknown
../data/raw_data/aged_treated_RhoAi/20201119expAg+RiH3K9AF488,aged_treated_RhoAi,20201119expAg+RiH3K9AF488,2020,10,Microscopist 1,HSC,unknown
../data/raw_data/aged_treated_RhoAi/20201218expAg1+Ri H3K9me2AF488,aged_treated_RhoAi,20201218expAg1+Ri H3K9me2AF488,2020,5,Microscopist 1,HSC,unknown
../data/raw_data/aged_treated_RhoAi/20201218expAg1+RiH3K9me2_2,aged_treated_RhoAi,20201218expAg1+RiH3K9me2_2,2020,7,Microscopist 1,HSC,unknown
../data/raw_data/aged_treated_RhoAi/20240118exp_20240124_Ag1RiH3K9me2488PLA2cy3,aged_treated_RhoAi,20240118exp_20240124_Ag1RiH3K9me2488PLA2cy3,2024,13,Microscopist 1,HSC,unknown
../data/raw_data/aged_treated_RhoAi/20240118exp_20240126_Ag2RiH3K9me2488PLA2cy3,aged_treated_RhoAi,20240118exp_20240126_Ag2RiH3K9me2488PLA2cy3,2024,14,Microscopist 1,HSC,unknown
../data/raw_data/aged_treated_RhoAi/20240402exp_20240404Ag1RiH3K9me2488PPLA2,aged_treated_RhoAi,20240402exp_20240404Ag1RiH3K9me2488PPLA2,2024,15,Microscopist 1,HSC,unknown
../data/raw_data/aged_treated_RhoAi/20240402exp_20240407Ag2RiH3K9me2488PPLA2,aged_treated_RhoAi,20240402exp_20240407Ag2RiH3K9me2488PPLA2,2024,12,Microscopist 1,HSC,unknown
../data/raw_data/aged_treated_RhoAi/01FABlRHOAi,aged_treated_RhoAi,01FABlRHOAi,2024,50,Microscopist 2,HSC,F
../data/raw_data/aged_treated_RhoAi/02FABl6RHOAi,aged_treated_RhoAi,02FABl6RHOAi,2024,49,Microscopist 2,HSC,F
../data/raw_data/aged_treated_RhoAi/03FABL6RHOAi,aged_treated_RhoAi,03FABL6RHOAi,2024,9,Microscopist 2,HSC,F
../data/raw_data/aged_treated_RhoAi/03FABL6RHOAi_MG750V,aged_treated_RhoAi,03FABL6RHOAi_MG750V,2024,11,Microscopist 2,HSC,F
../data/raw_data/young/20191128PlaminYoung,young,20191128PlaminYoung,2019,10,Microscopist 1,HSC,unknown
../data/raw_data/young/20191212CDK8YoungSlide9exp20191209,young,20191212CDK8YoungSlide9exp20191209,2019,14,Microscopist 1,HSC,unknown
../data/raw_data/young/20191219PlaminYoungSlide11exp20191209,young,20191219PlaminYoungSlide11exp20191209,2019,15,Microscopist 1,HSC,unknown
../data/raw_data/young/20200130PlaminYoung slide1exp200122,young,20200130PlaminYoung slide1exp200122,2020,15,Microscopist 1,HSC,unknown
../data/raw_data/young/20200212cdk8YoungSlide520200122exp,young,20200212cdk8YoungSlide520200122exp,2020,21,Microscopist 1,HSC,unknown
../data/raw_data/young/20201119expRhoAAF488YoungRFPcellsSlide3,young,20201119expRhoAAF488YoungRFPcellsSlide3,2020,11,Microscopist 1,HSC,unknown
../data/raw_data/young/20201119expYH3k9me2AF488,young,20201119expYH3k9me2AF488,2020,14,Microscopist 1,HSC,unknown
../data/raw_data/young/20201119expYoungTAZaf488repeat,young,20201119expYoungTAZaf488repeat,2020,9,Microscopist 1,HSC,unknown
../data/raw_data/young/20201218expSlide10Y2TazCy3,young,20201218expSlide10Y2TazCy3,2020,10,Microscopist 1,HSC,unknown
../data/raw_data/young/20201218expSlide7Y1TazCy3,young,20201218expSlide7Y1TazCy3,2020,10,Microscopist 1,HSC,unknown
../data/raw_data/young/20201218expY1RhoAAF488,young,20201218expY1RhoAAF488,2020,10,Microscopist 1,HSC,unknown
../data/raw_data/young/20201218expY2RhoAAF488,young,20201218expY2RhoAAF488,2020,10,Microscopist 1,HSC,unknown
../data/raw_data/young/20210603exp20210623YoungActin555,young,20210603exp20210623YoungActin555,2021,5,Microscopist 1,HSC,unknown
../data/raw_data/young/20210603expYLaminACaf488,young,20210603expYLaminACaf488,2021,7,Microscopist 1,HSC,unknown
../data/raw_data/young/20220420_20220419exp_YRhoAGTPCy3H4K16ac,young,20220420_20220419exp_YRhoAGTPCy3H4K16ac,2022,11,Microscopist 1,HSC,unknown
../data/raw_data/young/20220427_20220419exp_YRhoAGTPCy3,young,20220427_20220419exp_YRhoAGTPCy3,2022,10,Microscopist 1,HSC,unknown
../data/raw_data/young/20220502_20220419exp_YRhoAGTPCy3H4K16ac,young,20220502_20220419exp_YRhoAGTPCy3H4K16ac,2022,9,Microscopist 1,HSC,unknown
../data/raw_data/young/20230119exp_20230127_YoungRhoA647PPL2A,young,20230119exp_20230127_YoungRhoA647PPL2A,2023,15,Microscopist 1,HSC,unknown
../data/raw_data/young/20230208exp_20230315Y_KLF4cy3,young,20230208exp_20230315Y_KLF4cy3,2023,3,Microscopist 1,HSC,unknown
../data/raw_data/young/20230208exp_20230321Y_KLF4cy3,young,20230208exp_20230321Y_KLF4cy3,2023,7,Microscopist 1,HSC,unknown
../data/raw_data/young/20230208exp_20230322Y_KLF4cy3,young,20230208exp_20230322Y_KLF4cy3,2023,3,Microscopist 1,HSC,unknown
../data/raw_data/young/20230208exp_20230322_YRGPPLA2,young,20230208exp_20230322_YRGPPLA2,2023,8,Microscopist 1,HSC,unknown
../data/raw_data/young/20210603YoungLaminACIF20210621,young,20210603YoungLaminACIF20210621,2021,4,Microscopist 1,HSC,unknown
../data/raw_data/young/20210603expYLaminACAF488_2,young,20210603expYLaminACAF488_2,2021,7,Microscopist 1,HSC,unknown
../data/raw_data/young/20230413exp_20230426YKlf4Cy3H3K9me2AF488,young,20230413exp_20230426YKlf4Cy3H3K9me2AF488,2023,7,Microscopist 1,HSC,unknown
../data/raw_data/young/20230413exp_20230426Y_LINE1Cy3,young,20230413exp_20230426Y_LINE1Cy3,2023,2,Microscopist 1,HSC,unknown
../data/raw_data/young/20230413exp_20230427YKlf4Cy3H3K9me2AF488,young,20230413exp_20230427YKlf4Cy3H3K9me2AF488,2023,4,Microscopist 1,HSC,unknown
../data/raw_data/young/20230413exp_20230427YLINE1Cy3,young,20230413exp_20230427YLINE1Cy3,2023,13,Microscopist 1,HSC,unknown
../data/raw_data/young/20230413exp_20230505YLINE1Cy3,young,20230413exp_20230505YLINE1Cy3,2023,5,Microscopist 1,HSC,unknown
../data/raw_data/young/20230426exp_20030510_YRhoAGTPPha488,young,20230426exp_20030510_YRhoAGTPPha488,2023,7,Microscopist 1,HSC,unknown
../data/raw_data/young/20230523exp_20230622_YKlf4cy3Phall488,young,20230523exp_20230622_YKlf4cy3Phall488,2023,7,Microscopist 1,HSC,unknown
../data/raw_data/young/20201218expY1 H3K9me2AF488_2,young,20201218expY1 H3K9me2AF488_2,2020,11,Microscopist 1,HSC,unknown
../data/raw_data/young/20201218expY2H3K9me2_2,young,20201218expY2H3K9me2_2,2020,13,Microscopist 1,HSC,unknown
../data/raw_data/young/20240118exp_20240124_Y1ctrlH3K9me2488PLA2cy3,young,20240118exp_20240124_Y1ctrlH3K9me2488PLA2cy3,2024,12,Microscopist 1,HSC,unknown
../data/raw_data/young/20240118exp_20240129_Y2ctrlH3K9me2488PLA2cy3,young,20240118exp_20240129_Y2ctrlH3K9me2488PLA2cy3,2024,16,Microscopist 1,HSC,unknown
../data/raw_data/young/20240402exp_20240404Y1ctrlH3K9me2488PPLA2,young,20240402exp_20240404Y1ctrlH3K9me2488PPLA2,2024,15,Microscopist 1,HSC,unknown
../data/raw_data/young/20240402exp_20240407Y2ctrlH3K9me2488PPLA2,young,20240402exp_20240407Y2ctrlH3K9me2488PPLA2,2024,14,Microscopist 1,HSC,unknown
../data/raw_data/young/01FYBl6,young,01FYBl6,2024,27,Microscopist 2,HSC,F
../data/raw_data/young/02FYBl6,young,02FYBl6,2024,49,Microscopist 2,HSC,F
../data/raw_data/young/03FY19weeksBL6,young,03FY19weeksBL6,2024,49,Microscopist 2,HSC,F
../data/raw_data/young/03MYBL6,young,03MYBL6,2024,51,Microscopist 2,HSC,M
../data/raw_data/young/20241016exp_20241023_Y_DAPI,young,20241016exp_20241023_Y_DAPI,2024,11,Microscopist 1,HSC,unknown
../data/raw_data/young/20241016exp_20241024Y_DAPI,young,20241016exp_20241024Y_DAPI,2024,3,Microscopist 1,HSC,unknown
